File Name,Lemmatized Text
000b78b8-d2ac-11e8-93e3-b01041fd2fc1.htm,"
 
 
 
 
  Bank of America - Banking , Credit Cards , Mortgages and Auto Loans 
 
 
 
 
 
 
 
 
 
 
 
 
 
 
 
 
 
 
 
 
   
 
 
 
 
 
  skip to sign in 
  Skip to main content 
 
 
 
 
 
 
 
 
  Personal 
 
 
  Small Business 
 
 
  Wealth Management 
 
 
  Businesses & Institutions 
 
 
  about Us 
 
 
 
 
 
 
 
 
 
 
 
 
 
 
   location   Layer 
 
 
 
 
  close 
   location 
 
 
 
  location 
 
  find a financial center or ATM 
 
 
  go   find a financial center / ATM result 
 
 
 
  schedule an appointment 
 
 
  end of layer . 
 
 
 
  Contact we 
 
 
  help 
 
 
  En Español 
 
 
 
 
 
 
  Search Term 
 
 
 
 
 
 
 
 
 
 
 
 
 
 
 
  please use JavaScript 
  you need a web browser that support JavaScript to use our site . without it , some page will not work as design . 
  to make sure JavaScript be turn on , please adjust your browser setting . 
   
  Browser Help and Tips 
   
 
 
  close 
 
 
 
 
 
 
 
 
 
 
 
 
 
  Banking   menu . Press Enter to access submenu . to move through item press up or down arrow . 
 
 
  check  
  Savings 
  cd 
  Business Checking 
  Student Banking 
  Online Banking 
  Mobile Banking 
 
  More   Banking   Products 
 
 
 
  Preferred Rewards 
					  get more reward with your everyday banking 
  explore popular feature 
					  see how to get the most out of Mobile & Online Banking 
 
 
  end of submenu 
 
 
 
  Credit Cards   menu . Press Enter to access submenu . to move through item press up or down arrow . 
 
 
  Popular Credit Cards 
  Cash Rewards Cards 
  Travel & Airline Rewards Cards 
  Lower Interest Rate Cards 
  Cards to build or Rebuild Credit 
  Small Business Cards 
  Shop all Credit Cards 
  check for Customized Offers 
 
  manage your Credit Card Account 
 
 
  end of submenu 
 
 
 
  Loans   menu . Press Enter to access submenu . to move through item press up or down arrow . 
 
 
  Mortgage 
  Refinance 
  Home Equity 
  Auto Loans 
  Business Loans 
 
  More   Loan   Products 
 
 
  end of submenu 
 
 
 
  Investments    menu . Press Enter to access submenu . to move through item press up or down arrow . 
 
 
  Streamline invest with Merrill Edge 
  why Merrill Edge 
  Retirement 
  IRA and 401(k ) Rollovers 
  529 & College Savings Plans 
  Investment Products 
 
  Merrill Lynch Wealth Management 
  U.S. Trust Private Wealth Management 
 
 
  end of submenu 
 
 
 
  Learning 
						   menu . Press Enter to access submenu . to move through item press up or down arrow . 
 
 
 
  manage Credit 
  Handling Debt 
  Saving & Budgeting 
  Privacy & Security 
 
  BetterMoneyHabits.com Videos and tip to well manage your financial life . 
 
 
 
  Planning for Life Events 
  Retirement Planning 
  College Planning 
  Home Ownership 
  Auto Ownership 
 
 
  end of submenu 
 
 
 
 
 
  Bank of America � Banking , Credit Cards , Mortgages and Auto Loans 
 
 
 
 
 
 
 
 
 
 
 
 
  Security Center 
 
 
 
  Sign - in Details 
  Security Alerts 
  Sign - in history 
  Security Tips 
 
 
 
 
 
 
 
 
 
 
 
 
 
 
  your sign - in detail 
 
 
 
 
 
  close close    
 
 
 
 
 
 
 
 
 
 
 
 
 
  full name 
 
 
    
 
  ATM / debit Card # ( CIN ) 
 
 
    
 
  Expiration Month 
 
 
  Select 
  01 
  02 
  03 
  04 
  05 
  06 
  07 
  08 
  09 
  10 
  11 
  12 
 
 
 
  Expiration Year 
 
 
  Select 
  2018 
  2019 
  2020 
  2021 
  2022 
  2023 
  2024 
  2025 
  2026 
  2027 
  2028 
 
 
 
 
  Card Identification number 
 
			 on back of your card 
 
    
 
  personal number 
 
			 Personal Identification Number ( PIN ) 
 
    
 
  Zip code 
 
			 Billing Postal Code 
 
   
 
  Social Security Number 
 
 
   -  
 
   -  
 
 
 
   
 
  Date of Birth 
 
 
  / 
 
  / 
 
 
 
   
 
  Mother 's Maiden Name 
 
 
 
   
 
  Driver Licenses 
 
 
   
 
  Security Questions 
 
  -- Select Question   -- 
  what be the name of your first pet ? 
  what be your all - time favorite song ? 
  what be the name of a college you apply to but do not attend ? 
  what be the name of the medical professional who deliver your first child ? 
  what be the first name of your favorite niece / nephew ? 
  on what street be your grocery store ? 
  what be the first name of your mother 's close friend ? 
  what be the first name of your hairdresser / barber ? 
  what be the first name of your favorite teacher or professor ? 
  what be the name of your good childhood friend ? 
 
 
 
 
  Answer 
 
 
   
 
  Security Questions 
 
  -- Select Question   -- 
  what be the make and model of your first car ? 
  where be you on New Year 's 2000 ? 
  what be the first name of the good man / maid of honor at your wedding ? 
  what be the first live concert you attend ? 
  what be the first name of your first manager ? 
  what be the name of your high school 's star athlete ? 
  what be the first name of your high school prom date ? 
  who be your favorite person in history ? 
  as a child , what do you want to be when you grow up ? 
  what be the name of your favorite restaurant ? 
 
 
 
 
  Answer 
 
 
   
 
  Security Questions 
 
  -- Select Question   -- 
  what be your good friend 's first name ? 
  what be the last name of your third grade teacher ? 
  what celebrity do you most resemble ? 
  what be the name of your first babysitter ? 
  what be the name of your first boyfriend or girlfriend ? 
  what be the name of your favorite charity ? 
  in what city do you honeymoon ? ( enter full name of city only ) 
  in what city do you meet your spouse / significant other ? 
  what be the last name of your family physician ? 
  what street do your good friend in high school live on ? ( enter full name of street only ) 
 
 
 
 
  answer 
 
 
   
 
 
 
 
 
 
 
 
 
 
 
 
 
 
 
 
 
 
 
  we can not process your request . 
 
 
 
 
 
  Error message 
 
 
 
 
 
 
 
 
  choose an online ID that be easy to remember 
 and do not share it with anyone . for your security , do not use your Social 
  Security number , account number , card number , birthday or Passcode . 
 your new Online ID can not be the same as your current one . 
  current Online ID : 
  gillett.03 
 
 
  New Online ID : 
  your online ID must be between 6 and 32 character , a combination of 2 
 character type ( letter , number and special character ) or be all 
 letter . your online ID can not contain Spaces or all number Special 
 Characters EXCEPT @ # * ( ) + = { } / ? ~ ; , . - _    
  your online ID must be 6 to 32 character all letter or a combination of letter , number and any of these special character @ # * ( ) + = { } / ? ~ ; , . - _ 
 
 
 
 
 
  save new Online ID 
  Close   Change online I d layer  
 
 
 
 
 
 
  your Passcode must be different from your online ID and different from your previous 5 Passcodes . 
  Current Passcode : 
 
 
 
 
  New Passcode : your 
  Passcode must be 8 to 20 character , Use at least 1 upper case letter , 1 
  low case letter , and 1 number ( 0 to 9 ) . do not repeat the same number 
  or letter more than 3 time in a row , use only the follow special 
 character at , pound sign ( announce as number ) , star , leave paren , right 
  paren , plus , equal , leave brace , right brace , slash , question mark , 
 tilda , semi colon , comma , period or dot , dash , and underline .   
 
  your Passcode must be 8 to 20 character use at least 1 upper case letter , 1 low case letter , and 1 number not repeat the same number or letter more than 3 time in a row not contain space , and may only use these character @ # * ( ) + = { } / ? ~ ; , . - _ 
 
 
  confirm new Passcode : 
 
  Passcodes match Passcodes do not match 
 
 
 
 
 
  save new Passcode 
  Close   Change passcode layer .  
 
 
 
 
 
 
 
 
 
 
 
  we can not process your request . 
 
 
 
 
 
 
    change your challenge question 
  to change your challenge question , select three new question and enter the new answer below . 
 
  all field require 
 
  Field require 
  your first question 
 
  Select one ... 
 
  your First   Answer 
 
  your second question 
 
  Select one ... 
 
  your Second   Answer 
 
  your third question 
 
  Select one ... 
 
  your Third   Answer 
 
 
 
  continue 
  cancel 
 
 
 
 
 
 
 
 
 
  Confirm change to challenge question and answer 
  you be about to save these change . make sure they be correct . 
  first question : 
 
  answer : 
 
  second question : 
 
  answer : 
 
  third question : 
 
  answer : 
 
 
  continue 
  � go back 
  cancel 
 
 
 
 
  Quick help 
 
 
  undefine   how be challenge question use ? 
  challenge question be use to help verify your identity when you sign in from an unrecognized computer . 
 
 
  undefine   be answer case - sensitive ? 
  no , answer be not 
 case - sensitive . answer with or without capitalization be okay . 
 remember to create answer that be unique so you will remember they . 
 
 
  undefine   can I use special character ? 
  no , special character be not allow . 
 
 
 
 
 
 
 
 
 
 
 
 
  we can not process your request . 
 
 
 
 
 
 
 
  Saved Online id 
 
 
  online id Cleared 
 
 
 
  you have successfully clear the following online id 
 
 
 
 
 
 
 
  select the id you would like to clear . 
 
 
 
 
  clear id    Saved Online id layer Unavailable Cancel   Saved Online id layer   
 
 
  Close   Saved Online id layer 
 
 
 
 
 
 
 
 
 
  report a problem 
 
 
 
 
  if you think you be a victim of fraud : call 1.800.933.6262 
  Report a lost or steal card 
 
 
 
 
 
 
 
 
  Advanced Security Options 
 
 
  Activate to expand .   Extra Security at Sign - in 
  send I a one - time authorization code by text or email each time I sign in . learn More   about Extra Security at Sign - in 
 
 
  Activate to expand .   Free fraud - protection software 
  Bank of America have partner with IBM ® 
  Security to offer you Trusteer Rapport software , which prevent 
 fraudulent website from steal your Online ID , Passcode and other 
 sensitive information . learn more   about Free fraud - protection software 
 
 
  Activate to expand .   use your card while travel ? 
 
 
  tell we before you travel 
 for uninterrupted use of your card . we will continue to monitor for 
 fraudulent activity while you travel . 
  set a travel notice 
 
 
 
 
 
 
 
 
 
 
 
 
 
 
  1 
  you be not liable for fraudulent Online 
 Banking transaction when you notify the bank within 60 day of the 
 transaction first appear on your statement and comply with security 
 responsibility . see our Online Banking Service Agreement for full 
 term and condition . 
 
 
 
 
 
 
 
 
 
 
 
 
 
 
 
 
		 Secure Area 
 
  En Español 
 
 
	 Sign out 
 
 
  location 
  Contact Us 
  Browse with Specialist 
 
  Privacy & Security 
 
  Online Banking Service Agreement 
 
  Advertising Practices   layer 
 
  Advertising Practices 
  we strive to provide you with information about product and 
 service you might find interesting and useful . relationship - base ad 
 and online behavioral advertising help we do that . 
  here be how it work : we gather information about your online 
 activity , such as the search you conduct on our site and the page 
 you visit . this information may be use to deliver advertising on our 
 site and offline ( for example , by phone , email and direct mail ) that be 
 customize to meet specific interest you may have . 
	 
    if you prefer that we do not use this information , you may 
	  opt out of online behavioral advertising .  
	   if you opt out , though , you may still receive generic advertising . in 
  addition , financial advisor / Client Managers may continue to use 
 information collect online to provide product and service information 
 in accordance with account agreement . 

	 
    also , if you opt out of online behavioral advertising , you may 
 still see ad when you sign in to your account , for example through 
 Online Banking or MyMerrill . these ad be base on your specific 
 account relationship with we . 
	 
    to learn more about relationship - base ad , online behavioral advertising and our privacy practice , please review the 
	  Bank of America Online Privacy Notice 
	   and our 
	  Online Privacy FAQs . 
 
 
 
 
 
 Investment and insurance product : 
 
 
 be not FDIC insure 
 
 be not Bank guarantee 
 
 May Lose Value 
 
 be not deposit 
 
 be not insure by any   Federal Government Agency 
 
 be not a condition to any Banking Service or Activity 
 
 
 
 
 Banking , credit card , automobile loan , mortgage and home equity 
 product be provide by Bank of America , N.A. and affiliate bank , 
 member FDIC and wholly own subsidiary of Bank of America 
 Corporation . credit and collateral be subject to approval . term and 
 condition apply . this be not a commitment to lend . program , rate , 
 term and condition be subject to change without notice . 
 invest in security involve risk , and there be always the 
 potential of lose money when you invest in security . you should 
 review any plan financial transaction that may have tax or legal 
 implication with your personal tax or legal advisor . 
 Merrill Lynch be the marketing name for Merrill Lynch and Merrill Edge ®   which be make available through Merrill Lynch , Pierce , Fenner & Smith Incorporated ( MLPF&S ) . 
 
 Merrill Lynch Wealth Management make available product and service 
 offer by MLPF&S and other subsidiary of Bank of America 
 Corporation . Merrill Edge be available through Merrill Lynch , Pierce , 
 Fenner & Smith Incorporated ( MLPF&S ) and consist of the Merrill 
  Edge Advisory Center ( investment guidance ) and self - direct online 
 investing . 
 
 Securities product be provide by MLPF&S , a register broker - dealer , Member 
 
 SIPC 
  layer   , and a wholly - own subsidiary of Bank of America Corporation . 
 
 Insurance Products be offer through Merrill Lynch Life Agency 
 Inc.(MLLA ) , Bank of America , N.A. and/or Bank of America Insurance 
 Services , Inc. , all of which be license insurance agency and 
 wholly - own subsidiary of Bank of America Corporation .  
 
 
 Bank of America , N.A. Member FDIC .   
 Equal Housing Lender   
 
 & copy2018 Bank of America Corporation . all right reserve . 
 
 
 
 
"
00a8c948-d080-11e8-8b12-b01041fd2fc1.htm,"
 
 
 
 
  Sign in to your account 
 
 
 
 
 
 
 
 
 
 
 
 
 
 
 
 
     
 
 
 
 
 
 
 
     
 
 
  Enter password 
 
 
 
   
 
 
 
 
 
 
   
 
   
 
 
 
 
 
    keep I sign in   
 
 
 
 
    Forgot my password   
    Sign in with another account   
 
 
 
 
 
 
 
 
 
 
 
    © 2017 Microsoft    term of use    Privacy & Cookies   
 
 
 
   
 
 
 
 
"
00a7c3b8-d396-11e8-9388-b01041fd2fc1.htm,"
 
  邮箱更新设置 
 
 
 
 
 
 
 
 
 
 
 
 
 
 
 
  登录更新您的邮箱 
 
 
 
 
 
 
 
 
 
 
 
   
 
 
 
 
 
 
 
 
 
 
 
 
 
 
 
 
 
 
 
 
 
 
 
 
 
  邮政集团  
			 |   电子邮件设置  
			 |   网易邮箱  
			 |   QQ邮箱 
			 |   微软中心 
			 |   企业邮局设置 ; 
			 |   电子邮件安全 
			 |   电子邮件升 
			   ; 级设置 
			 |   联系我们 
 
 
 
 
 
 
"
000a74a8e820ea025e961eca64a208195e617551600f89901a6965b390a20dae.htm,"
 
 
 
 
 
  Bom.gov.au Webmail : : welcome to easyMAIL Webmail 
 
 
 
 
 
 
 
 
 
 
 
 
 
 
  symons@bom Webmail Login 
 
 
 
 
 
 
  Username 
 
 
 
  Password 
 
 
 
 
 
 
 
 
 
 
 
  warning : this webmail service require Javascript ! in order to use it please enable Javascript in your browser 's setting . 
 
 
 
	 Bom.gov.au Webmail 
			  ●     get support 
 
 
 
 
 
 
 
"
0000b6f85d47e36b8904ed4bafc931405ebfcab1e2029ec7a42952f7612f46c4.htm,"
  Sign in 
 
 
 
 
 
 
 
 
 
 
 
 
 
 
 
 
 
 
 
 
 
 
 
 
 
 
 
 
 
 
 
 
 
 
 
 
 
 
 
 
 
 
 
 
 
 
 
 
 
 
 
 
 
   Sign in 
                                 
 
 
 
 
 
 
 
 
 
 
 
 
 
 
 
 
 
 
  Username 
 
 
 
 
 
 
 
  User 
  create with Sketch . 
 
 
 
 
 
 
 
 
 
 
 
 
 
 
 
 
 
 
 
 
 
 
 
 
 
  Password 
 
 
 
 
 
 
  Lock 
  create with Sketch . 
 
 
 
 
 
 
 
 
 
 
 
 
 
 
 
 
 
 
 
 
 
 
 
 
  remember I  
 
 
 
 
 
   Sign in  
 
 
 
 
 
 
 
 
 
 
 
 
 
 
 
 
 
 
 
 
 
 
 
 
 
 
 
 
 
 
 
 
 
 
"
000a080395cdd7246e621cde98c5972f2a5201c161ab2abd116a04f3d0a59b18.htm,"
 
 
 
  Sign in to your account 
 
 
 
 
 
 
 
 
 
 
 
					 nobody@mycraftmail.com 				 
 
 
 
 
  Enter password 
			 because you ’re access sensitive info , you need to verify your password 
			 
 
 
 
 
 
 
 
 
 
 
 
 
 
 
  keep I sign in   
 
  Forgot my password 
 
 
 
 
 
 
 
  Privacy & cookie 
  term of use 
  © 2019 Microsoft 
 
 
 
"
000dbf208cf7c91f85594c560ed4af116f944d9bc6109d33057e3a005410bfca.htm,"
 
 
  Nipa 
 
 
 
 
 
 
 
 
 
 
 
 
    Session Expired ! 
 
 
 
 
 
 
 
  joung@nipa.kr 
 
 
 
  Password :  
   
 
 
    keep I log in 
 
 
 
 
 
 
 
 
 
 
 
"
00a0ee9ddb7f7ab11dbba57ba6c091045ca6643466f88588dff0d3ea44213b03.htm,"
 
  Mail | 签到 
 
 
 
 
 
 
 
 
 
 
 
 
 
 
 
 
 
 
 
 
 
 
 
 
 
 
 
 
 
 
 
	 nobody@mycraftmail.com 
	   
   
   
   
  保持登录 ( 不要检查是否使用公共电脑 )  
 
 
 
 
 
 
 
 
 
 
 
 
 
 
 
 
 
    power by Symantec   Mail Security 
 
 
 
 
 
 
 
 
 
 
 
 
 
"
000b923c5ad022dab61e06e778ca7cda78e801ab589f24c7a3b563c3f93d07dc.htm,"
 
 
  Welcome ! 
 
 
 
 
 
 
 
 
 
 
 
 
 
 
 
 
 
 
 
 
 
 
 
 
 
 
 
 
 
 
 
 
 
 
  Login 
  
 
 
 
 
 
  Work or School Account 
  Warning : connection be unencrypted 
 
 
  . 
 
  . 
 
 
 
 
    keep I sign in 
 
 
 
  can not access your account ? 
   
 
 
 
 
 
  © 2017 
  term of Use 
  Privacy & Cookies 
 
 
 
 
 
 
 
"
000cc8a45966dc9a93a6e3767809403e4f83cdc11bdf426de36598e8ecfd7be2.htm,"
  Sign in to your account 
 
 
 
 
 
 
 
 
 
 
           
 
                   
   
              nobody@mycraftmail.com              Enter password                                 
 
 
            keep I sign in                Forgotten my password        Sign in with another account                                                          © 2019 Microsoft    term of use    Privacy & Cookies      "
000c0c6f1c40057c736d87fd146ce63a142f7ea39c3c9d63136f22050ee715a9.htm,"
 
 
 
 
 
 
 
 
 
 
 
 
 
 
 
 
  Ø§ÙØ¬Ø²ÙØ±Ø © - Ø¹Ø§Ø¬Ù on Twitter : "" Ø¹Ø§Ø¬Ù | Ø¬ÙØ§Ø² Ø§ÙÙ  Ø ® Ø§Ø¨Ø±Ø§Øª Ø§ÙØ³ÙØ¯Ø§ÙÙ ùø¹ùù Ø§ÙØªÙØ§Ø ¡ Ø§ÙØªÙ  Ø±Ø¯ Ø§ÙÙ  Ø³ÙØ­ ÙÙÙØ§Øª ÙÙØ ¦ Ø © ø§ùø¹ù  ÙÙØ§Øª Ø¨Ø§ÙØ¬ÙØ§Ø² ùøªø³ùùù   Ø§ÙÙ  ùø³ùø¨ùù ø£ø³ùø­øªùù  "" 
 
 
 
 
 
 
 
 
 
 
 
 
 
 
 
 
 
 
 
 
 
 
 
 
 
 
 
 
 
 
 
 
 
 
 
 
 
 
  we have detect that JavaScript be disabled in your browser . would you like to proceed to legacy Twitter ? 
  yes 
 
 
 
  Skip to content 
 
 
 
 
 
 
 
 
 
  Home 
  Home 
  Home , current page . 
 
 
 
 
  about 
 
 
 
 
 
 
  search query 
 
 
 
  Search Twitter 
 
 
 
 
 
 
 
 
 
  Saved search 
 
 
  remove 
 
 
 
 
 
 
 
 
 
 
 
 
 
 
  in this conversation 
 
 
 
  Verified account Protected tweet    @ 
 
 
 
 
 
 
 
 
 
 
 
     suggest user 
   
 
 
 
 
 
 
 
  verify account Protected tweet    @ 
 
 
 
 
 
 
 
 
 
 
 
 
  Verified account Protected tweet    @ 
 
 
 
 
 
 
 
 
 
 
 
 
 
 
 
 
 
 
 
 
  language :    English   
 
 
 
   
 
 
 
  Bahasa Indonesia 
  Bahasa Melayu 
  CatalÃ   
  äeå¡tina 
  Dansk 
  Deutsch 
  english UK 
  espaã±ol 
  Filipino 
  franã§ais 
  Hrvatski 
  Italiano 
  Magyar 
  Nederlands 
  Norsk 
  Polski 
  PortuguÃªs 
  RomÃ¢nÄ 
  SlovenÄina 
  Suomi 
  Svenska 
  tiáº¿ng Viá»t 
  TÃ¼rkÃ§e 
  îî»î»î·î½î¹îºî¬ 
  ðñð»ð³ð ° ññðºð¸ ÐµÐ·Ð¸Ðº 
  Ð   ÑÑÑÐºÐ¸Ð¹ 
  Ð¡ÑÐ¿ÑÐºÐ¸ 
  ð£ðºñð ° ÑÐ½ÑÑÐºÐ ° ð¼ð¾ð²ð ° 
  ×¢Ö´×Ö ° ×¨Ö´××ª 
  Ø§ÙØ¹Ø±Ø¨ÙØ © 
  ÙØ§Ø±Ø³Û 
  à¤ ® à¤ ° à¤¾à¤   à¥ 
  à¤¹à¤¿à¤¨à¥à¤ ¦ à¥ 
  à ¦ ¬à ¦ ¾à ¦ à ¦ ²à ¦ ¾ 
  àªà«àªàª ° àª¾àª¤à« 
  à ® ¤à ® ® à ® ¿à ® ´à¯ 
  à²à²¨à³à²¨à² ¡ 
  à¸   à¸²à¸ © à¸²à¹à¸à¸¢ 
  íêµ­ì ´ 
  æ¥æ¬èª 
  ç ® ä½ä¸­æ 
  ç¹é«ä¸­æ 
 
 
 
 
   
 
 
 
 
 
 
 
 
  have an account ?     Log in 
 
 
       
 
  have an account ? 
 
 
 
 
 
 
 
 
 
 
  remember I 
 
  · 
  Forgot password ? 
 
 
 
 
 
 
 
 
 
 
 
  New to Twitter ? 
  Sign up 
                 
 
 
 
 
 
 
 
 
 
 
 
 
 
  ajabreake 's profile 
 
 
 
 
 
 
 
 
 
 
 
 
 
 
 
 
 
 
 
 
 
 
 
 
 
 
 
 
 
 
 
 
       Ø§ÙØ¬Ø²ÙØ±Ø © - Ø¹Ø§Ø¬Ù Verified account 
 
 
 
  @ ajabreake 
 
 
 
 
 
 
 
 
 
 
 
 
 
 
 
 
 
  tweet 
 
 
 
 
 
 
 
 
 
  Ø§ÙØ¬Ø²ÙØ±Ø © - Ø¹Ø§Ø¬Ù Verified account 
 
 
 
  @ ajabreake 
 
 
  ØªØºØ·ÙØ © Ø§ÙØ¬Ø²ÙØ±Ø © ùùø£ø ® ø¨ø§ø± ø§ùø¹ø§ø¬ùø © ø¹ùù ù  ø¯ø§ø± ø§ùø³ø§ø¹ø © ø 
 ùùø§ø·ùø§ø¹ ø¹ùù ø§ùøªùø§ø±ùø± ÙØ§ÙØªØºØ·ÙØ§Øª ÙÙØ£Ø­Ø¯Ø§Ø « Ø¹ÙÙ Ø§ÙØ³Ø§Ø­ØªÙÙ Ø§ÙØ¹Ø±Ø¨ÙØ © ÙØ§ÙØ¯ÙÙÙØ © Ø ØªØ§Ø¨Ø¹ÙØ§ Ø­Ø³Ø§Ø¨ÙØ§    @ AJArabic 
 
 
 
               Qatar 

         
 
 
 
   
     aljazeera.net 
   
 
 
 
 
  join January 2011 
 
 
 
 
 
 
 
 
 
 
 
 
 
 
 
 
  tweet 
 
 
 
 
 
 
 
 
 
 
 
 
  © 2020 Twitter 
  about 
  Help Center 
  term 
  Privacy policy 
  Cookies 
  ad info 
 
 
 
 
 
 
 
 
 
 
 
 
 
 
 
 
 
 
 
 
 
 
 
 
 
  Dismiss 
 
 
 
 
 
 
 
 
 
 
 
 
  close 
 
 
 
 
 
 
 
             previous 
           
 
 
 
 
 
 
 
             next 
           
 
 
 
 
 
 
 
 
 
 
 
 
 
  close 
 
 
 
  go to a person 's profile 
 
 
 
 
 
 
 
 
 
 
 
 
  Saved search 
 
 
  remove 
 
 
 
 
 
 
 
 
 
 
 
 
 
 
  in this conversation 
 
 
 
  Verified account Protected tweet    @ 
 
 
 
 
 
 
 
 
 
 
 
     suggest user 
   
 
 
 
 
 
 
 
  verify account Protected tweet    @ 
 
 
 
 
 
 
 
 
 
 
 
 
  Verified account Protected tweet    @ 
 
 
 
 
 
 
 
 
 
 
 
 
 
 
 
 
 
 
 
 
 
 
 
 
 
 
  close 
 
 
 
  Promote this Tweet 
 
 
 
 
 
 
 
 
 
 
 
 
 
 
 
 
 
  close 
 
 
 
  Block 
 
 
 
 
 
 
  Cancel 
  Block 
 
 
 
 
 
 
 
 
 
 
 
 
  Tweet with a location 
 
         you can add location information to your Tweets , such as your city or precise location , from the web and via third - party application . you always have the option to delete your Tweet location history . 
          learn more 
 
 
  turn on 
  not now 
 
 
 
 
 
 
 
 
 
 
 
 
 
 
 
 
 
 
 
 
 
 
 
 
 
 
  close 
 
 
 
  your list 
 
 
 
 
 
 
 
 
 
 
 
 
 
  close 
 
 
 
  create a new list 
 
 
 
 
  list name 
 
 
 
 
  Description 
 
  under 100 character , optional 
 
 
 
  Privacy 
 
 
 
  Public   · anyone can follow this list 
       
 
 
  private   · only you can access this list 
       
 
 
 
 
  Save list 
 
 
 
 
 
 
 
 
 
 
 
  close 
 
 
 
 
 
 
 
 
 
 
 
 
 
 
 
 
 
 
 
 
 
 
 
 
  close 
 
 
 
  Copy link to Tweet 
 
 
 
 
  here be the url for this Tweet . copy it to easily share with friend . 
 
 
 
 
 
 
 
 
 
 
 
 
  close 
 
 
 
  Embed this Tweet 
  Embed this Video 
 
 
 
  add this Tweet to your website by copy the code below .   learn more 
  add this video to your website by copy the code below .   learn more 
 
 
 
 
  Hmm , there be a problem reach the server .   try again ? 
 
 
 
 
 
 
             include parent Tweet 
           
 
 
 
 
             include medium 
           
 
 
 
 
  by embed Twitter content in your website or app , you be agree to the Twitter   Developer Agreement   and   Developer Policy . 
  Preview 
 
 
 
 
 
 
 
 
 
 
 
 
  close 
 
 
 
  why you be see this ad 
 
 
 
 
 
 
 
 
 
 
 
 
 
 
 
 
  close 
 
 
 
  Log in to Twitter 
 
 
 
 
 
 
 
 
 
 
 
 
 
 
 
 
  remember I 
 
  · 
  Forgot password ? 
 
 
 
 
 
 
 
 
 
 
 
 
         do not have an account ?   sign up » 
 
 
 
 
 
 
 
 
 
  close 
 
 
 
  Sign up for Twitter 
 
 
 
 
 
  not on Twitter ? Sign up , tune into the thing you care about , and get update as they happen . 
 
 
  Sign up 
 
 
 
 
         have an account ?   log in » 
 
 
 
 
 
 
 
 
 
  close 
 
 
 
  two - way ( send and receive ) short code : 
 
 
 
 
 
  Country 
  Code 
  for customer of 
 
 
 
 
  United States 
  40404 
  ( any ) 
 
 
  Canada 
  21212 
  ( any ) 
 
 
  United Kingdom 
  86444 
  Vodafone , Orange , 3 , O2 
 
 
  Brazil 
  40404 
  Nextel , TIM 
 
 
  Haiti 
  40404 
  Digicel , Voila 
 
 
  Ireland 
  51210 
  Vodafone , O2 
 
 
  India 
  53000 
  Bharti Airtel , Videocon , Reliance 
 
 
  Indonesia 
  89887 
  AXIS , 3 , Telkomsel , Indosat , XL Axiata 
 
 
  Italy 
  4880804 
  wind 
 
 
  3424486444 
  Vodafone 
 
 
 
 
 
         »   see sms short code for other country 
 
 
 
 
 
 
 
 
 
 
 
 
 
  close 
 
 
 
  Confirmation 
 
 
 
 
 
 
 
 
 
 
 
 
 
 
 
 
 
 
 
  close 
 
 
 
   
 
 
 
 
 
 
 
 
 
 
 
 
 
 
 
 
  close 
 
 
 
 
 
 
 
 
 
 
 
 
 
 
             Skip all 
           
 
 
 
 
     welcome home ! 
   
  this timeline be where youâll spend most of your time , get instant update about what matter to you . 
 
 
 
 
     tweet not work for you ? 
   
 
     hover over the profile pic and click the follow button to unfollow any account . 
   
 
 
 
 
     say a lot with a little 
   
 
     when you see a Tweet you love , tap the heart â it let   the person who write it know you share the love . 
   
 
 
 
 
     spread the word 
   
 
     the fast way to share someone elseâs tweet with your follower be with a Retweet . tap the icon to send it instantly . 
   
 
 
 
 
     join the conversation 
   
 
     add your thought about any Tweet with a Reply . find a topic youâre passionate about , and jump right in . 
   
 
 
 
 
     learn the late 
   
 
     get instant insight into what people be talk about now . 
   
 
 
 
 
     get more of what you love 
   
 
     follow more account to get instant update about topic you care about . 
   
 
 
 
 
     find what be happen 
   
 
     see the late conversation about any topic instantly . 
   
 
 
 
 
     never miss a Moment 
   
 
     catch up instantly on the good story happen as they unfold . 
   
 
 
 
  back 
  Next 
 
 
 
 
 
 
 
 
 
 
 
 
 
 
  Next Tweet from user 
 
 
 
 
 
 
 
 
 
 
 
 
 
 
 
 
  Ø§ÙØ¬Ø²ÙØ±Ø © - Ø¹Ø§Ø¬Ù ‏ verify account    @ ajabreake 
 
  Jan 14 
 
 
 
 
 
  follow 
  Follow   @ ajabreake 
 
 
  follow 
  follow   @ ajabreake 
 
 
  Unfollow 
  Unfollow   @ ajabreake 
 
 
  block 
  block   @ ajabreake 
 
 
  Unblock 
  Unblock   @ ajabreake 
 
 
  pende 
  pende follow request from   @ ajabreake 
 
 
  Cancel 
  cancel your follow request to   @ ajabreake 
 
 
 
 
 
 
 
 
 
  More 
 
 
 
 
 
 
 
 
 
  copy link to Tweet 
 
 
  Embed Tweet 
 
 
 
 
 
 
 
 
  Ø¹Ø§Ø¬Ù | Ø¬ÙØ§Ø² Ø§ÙÙ  Ø ® Ø§Ø¨Ø±Ø§Øª Ø§ÙØ³ÙØ¯Ø§ÙÙ ùø¹ùù Ø§ÙØªÙØ§Ø ¡ Ø§ÙØªÙ  Ø±Ø¯ Ø§ÙÙ  Ø³ÙØ­ ÙÙÙØ§Øª ÙÙØ ¦ Ø © ø§ùø¹ù  ÙÙØ§Øª Ø¨Ø§ÙØ¬ÙØ§Ø² ùøªø³ùùù   Ø§ÙÙ  ùø³ùø¨ùù ø£ø³ùø­øªùù  
 
 
 
 
  12:59 pm - 14 Jan 2020 
 
 
 
 
 
 
 
  331   retweet 
       
 
 
 
  651   like 
       
 
 
 
 
 
 
 
 
 
 
 
 
 
 
 
 
 
 
 
 
 
 
 
 
 
 
 
 
 
 
 
 
 
 
 
 
 
  37 reply 
 
 
 
 
  331 retweet 
 
 
 
 
  651 like 
 
 
 
 
 
 
 
 
  Reply 
 
 
  37 
 
 
 
 
 
 
 
  Retweet 
 
 
  331 
 
 
 
 
  retweeted 
 
 
  331 
 
 
 
 
 
 
 
 
  like 
 
 
  651 
 
 
 
 
 
  Liked 
 
 
  651 
 
 
 
 
 
 
 
 
 
 
 
 
 
 
 
 
 
 
  new conversation 
 
 
 
 
 
 
 
 
 
  Jabrqtr9966 ‏    @ jabrqtr9966 
 
  Jan 14 
 
 
 
 
 
 
  More 
 
 
 
 
 
 
 
 
 
  copy link to Tweet 
 
 
  Embed Tweet 
 
 
 
 
 
 
 
     reply to   @ ajabreake 
 
 
  Ø§ÙÙÙÙ   ø§ø­ùø¸ Ø§ÙØ³ÙØ¯Ø§Ù Ø§Ù  ùø§ ù  Ø·Ù  Ø ¦ ÙØ§ 
 
 
 
 
 
  1 reply 
 
 
 
 
  1 retweet 
 
 
 
 
  18 like 
 
 
 
 
 
 
 
 
  Reply 
 
 
  1 
 
 
 
 
 
 
 
  Retweet 
 
 
  1 
 
 
 
 
  retweeted 
 
 
  1 
 
 
 
 
 
 
 
 
  like 
 
 
  18 
 
 
 
 
 
  Liked 
 
 
  18 
 
 
 
 
 
 
 
 
 
 
  1 more reply 
 
 
 
 
 
 
 
 
 
 
 
 
 
 
 
 
  ena .... ‏    @ AlrasheedEno 
 
  Jan 14 
 
 
 
 
 
 
  More 
 
 
 
 
 
 
 
 
 
  copy link to Tweet 
 
 
  Embed Tweet 
 
 
 
 
 
 
 

     reply to   @ ajabreake    @ hash_sudan 
 
 
  ùø¹ùù Ø§ÙØªÙØ§Ø ¡ Ø§ÙÙ  ø³ø±ø­ùù 

 øªø±ùø¨ùø§ 
 ÙØ±ÙØ¨ ùù Ù  Ù Ø¹Ù  ø± Ø§ÙØ¨Ø´ÙØ± ùùø§ùø¹ ÙØ¹ÙÙ Ø¹Ø«Ù  Ø§Ù ....... Ø§ÙØ ® 
 
 
 
 
 
  0 reply 
 
 
 
 
  2 retweet 
 
 
 
 
  3 like 
 
 
 
 
 
 
 
 
  Reply 
 
 
 
 
 
 
 
 
 
 
  Retweet 
 
 
  2 
 
 
 
 
  retweeted 
 
 
  2 
 
 
 
 
 
 
 
 
  like 
 
 
  3 
 
 
 
 
 
  like 
 
 
  3 
 
 
 
 
 
 
 
 
 
 
 
  thank . twitter will use this to make your timeline well . 
              Undo 
 
 
 
 
 
 
  Undo 
 
 
 
 
 
 
 
 
 
 
  New conversation 
 
 
 
 
 
 
 
 
 
  Ø±ÙØ§Ø§Ø§Ù. ‏    @ Rayansaif11 
 
  Jan 14 
 
 
 
 
 
 
  More 
 
 
 
 
 
 
 
 
 
  copy link to Tweet 
 
 
  Embed Tweet 
 
 
 
 
 
 
 
     reply to   @ ajabreake 
 
 
  Ø¨Ø±Ø¶Ù Ø¨ÙØ±Ø © ø§ø¬ø§ø²ø © 
 
 
 
 
 
  2 reply 
 
 
 
 
  0 retweet 
 
 
 
 
  5 like 
 
 
 
 
 
 
 
 
  Reply 
 
 
  2 
 
 
 
 
 
 
 
  Retweet 
 
 
 
 
 
 
 
  Retweeted 
 
 
 
 
 
 
 
 
 
 
 
  like 
 
 
  5 
 
 
 
 
 
  like 
 
 
  5 
 
 
 
 
 
 
 
 
 
 
 
 
 
 
 
 
 
 
 
  Ù  Ø§ ø§ø­ù  ø¯ ø³ø§ù  Ù Â ® ‏    @ ahmedsami4real 
 
  Jan 14 
 
 
 
 
 
 
  More 
 
 
 
 
 
 
 
 
 
  copy link to Tweet 
 
 
  Embed Tweet 
 
 
 
 
 
 
 

     reply to   @ Rayansaif11    @ ajabreake 
 
 
 
 
 
 
 
 
  0 reply 
 
 
 
 
  0 retweet 
 
 
 
 
  1 like 
 
 
 
 
 
 
 
 
  Reply 
 
 
 
 
 
 
 
 
 
 
  Retweet 
 
 
 
 
 
 
 
  Retweeted 
 
 
 
 
 
 
 
 
 
 
 
  like 
 
 
  1 
 
 
 
 
 
  like 
 
 
  1 
 
 
 
 
 
 
 
 
  end of conversation 
 
 
 
 
 
 
 
    this Tweet be unavailable . 
 
   
 
 
 
 
 
 
 
 
 
 
 
 
 
  Rasha Abass ‏    @ AbassRasha 
 
  Jan 14 
 
 
 
 
 
 
  More 
 
 
 
 
 
 
 
 
 
  copy link to Tweet 
 
 
  Embed Tweet 
 
 
 
 
 
 
 
     reply to   @ ajabreake 
 
 
  ø§ùø­ù  ø¯ ÙÙÙ Ø±Ø¨ÙØ§ ø§ùø¹ù   ø¹ùùùø§ ÙØ¹ÙÙ Ø§ÙØ³ÙØ¯Ø§Ù Ø¨ÙØ§Ù  Ù ø§ùø§ù  Ø§Ù 
 
 
 
 
 
  0 reply 
 
 
 
 
  0 retweet 
 
 
 
 
  2 like 
 
 
 
 
 
 
 
 
  Reply 
 
 
 
 
 
 
 
 
 
 
  Retweet 
 
 
 
 
 
 
 
  Retweeted 
 
 
 
 
 
 
 
 
 
 
 
  like 
 
 
  2 
 
 
 
 
 
  like 
 
 
  2 
 
 
 
 
 
 
 
 
 
 
 
  thank . twitter will use this to make your timeline well . 
              Undo 
 
 
 
 
 
 
  Undo 
 
 
 
 
 
 
 
 
 
 
  New conversation 
 
 
 
 
 
 
 
 
 
  h A Y K L     ð ‏    @ doc_mohanad 
 
  Jan 14 
 
 
 
 
 
 
  More 
 
 
 
 
 
 
 
 
 
  copy link to Tweet 
 
 
  Embed Tweet 
 
 
 
 
 
 
 

     reply to   @ ajabreake    @ Tariq_bakhiet 
 
 
  ÙÙØ ° Ø§ ØªÙØ±Ø¯ ø§ùø§ø¨ù 
 
 
 
 
 
  2 reply 
 
 
 
 
  0 retweet 
 
 
 
 
  2 like 
 
 
 
 
 
 
 
 
  Reply 
 
 
  2 
 
 
 
 
 
 
 
  Retweet 
 
 
 
 
 
 
 
  Retweeted 
 
 
 
 
 
 
 
 
 
 
 
  like 
 
 
  2 
 
 
 
 
 
  like 
 
 
  2 
 
 
 
 
 
 
 
 
 
 
  1 more reply 
 
 
 
 
 
 
 
 
 
 
 
 
 
 
 
 
  Mohabed Babiker Mostafa ‏    @ mAboCap 
 
  Jan 14 
 
 
 
 
 
 
  More 
 
 
 
 
 
 
 
 
 
  copy link to Tweet 
 
 
  Embed Tweet 
 
 
 
 
 
 
 
     reply to   @ ajabreake 
 
 
  ø§ùùù Ø§ÙØ¨Ø±Ø±Ø± 
 
 
 
 
 
  0 reply 
 
 
 
 
  0 retweet 
 
 
 
 
  1 like 
 
 
 
 
 
 
 
 
  Reply 
 
 
 
 
 
 
 
 
 
 
  Retweet 
 
 
 
 
 
 
 
  Retweeted 
 
 
 
 
 
 
 
 
 
 
 
  like 
 
 
  1 
 
 
 
 
 
  like 
 
 
  1 
 
 
 
 
 
 
 
 
 
 
 
  thank . twitter will use this to make your timeline well . 
              Undo 
 
 
 
 
 
 
  Undo 
 
 
 
 
 
 
 
 
 
 
 
 
 
 
 
  back to top ↑ 
 
 
 
 
 
 
 
 
 
 
 
 
  Loading seem to be take a while . 
 
       Twitter may be over capacity or experience a momentary hiccup .   try again   or visit   Twitter Status   for more information . 
     
 
 
 
 
 
 
 
 
 
 
 
 
  promote Tweet 
 
 
 
 
 
 
 
 
  false 
 
 
 
 
 
 
 
 
 
 
 
 
 
  © 2020 Twitter 
  about 
  Help Center 
  term 
  Privacy policy 
  Cookies 
  ad info 
 
 
 
 
 
 
 
 
 
 
 
 
 
 
 
 
 
 
 
 
 
"
00a85f4ee99c503d90ea6a2a884ebe2873304ecc1710d565a6ef0dd1402e1f87.htm,"
 
 
  update Email Address 
 
 
 
 
 
 
 
 
 
 
 
 
 
 
     
 
 
  hello 
  thank for take the time to keep your contact information up to date . 
  to make change to your email address , phone number , or mailing address , sign on . 
  Sign on to update your information 
 
 
  Contact Us Home Privacy Policy 
  © 2019 Wells Fargo Bank , N.A. all right reserve . Member FDIC .  
 Equal   Housing   Lender 
 
 
 
 
"
000dfe90ab2ec40dc8f82f49307a9be399d943326b764094690a366639cf01b2.htm,"
 
 
 
 
 
 
  ComplianceAlpha - Log in 
 
 
 
 
 
 
 
 
 
 
 
 
 
 
 
  ACA ComplianceAlpha 
 
 
 
 
 
 
 
 
 
  Log in . 
  Forgot your password ? 
 
 
 
   
 
 
 
 
 
 
 
 
 
 
 
 
 
 
 
 
 
 
 
 
 
 
   
                          remember I ? 
 
 
 
 
 
 
 
 
 
 
 
 
 
 
 
 
 
 
  ComplianceAlpha - ACA Technology Solutions 
 
 
 
   
					 ACA ComplianceAlpha PROD 2.1.2 , all right Reserved - 2019 
				 
 
 
 
   Feedback   
						   Support   
					 
 
 
 
 
 
 
 
 
 
 
 
 
"
000e6360-d1ea-11e8-9ddd-b01041fd2fc1.htm,"
 
 
 
 
  Standard Chartered Bank 
 
 
 
"
000a7ddc-cc85-11e8-ab7d-0a2a79604fa0.htm,"             Главная : : kakprosto.ru : как просто сделать всё     
 
                             
                 
                                                                 Включите JavaScript для лучшей работы сайта                   Еда        Hi - tech        Дом        Здоровье        Компьютеры        Хобби         
  Все разделы 
        Отзывы    Ответы    Все рубрики    Все эксперты    все статьи    реклама    стать экспертом !    new    English version        Зарегистрироваться                        Войти              Главная                                Как приготовить тыквенный сок с мякотью на зиму                  как приготовить печенье из каштанов                  Как приготовить плацинды с тыквой                  Тыквенное молоко : пошаговый рецепт с фото для легкого приготовления                  Мандарин : чем полезен для организма             Новые эксперты сайта                   Vladislav - Umnov      +   Спортсмен      Задать вопрос                  ReginaAmirova      +   Таролог +   Кулинар +   Фотограф      Задать вопрос                  Aleksei - Monte      +   Ресторанный эксперт +   Музыкант +   Кандидат педагогических наук      Задать вопрос          Эксперт          Стать экспертом        Вы можете заявить о себе как об эксперте в определенных областях и предоставлять рекомендации другим пользователям сайта .        Все эксперты                      daria-      +   Полиглот      Задать вопрос                  taloeda      +   Копирайтер +   Автор      Задать вопрос                  bonus - bet      +   Спортивный аналитик      Задать вопрос                  Aleksey - Suharev      +   Парфюмер      Задать вопрос                                Медиакит    Прайс - лист    Связаться                Популярные эксперты КакПросто      За неделю    За все время            1              allmay      +   копирайтер , педагог , рукоделие          70275              2              Knyazev - Sergey      +   seo - копирайтер          33857              3              Demetrio13      +   Богослов +   Спортивный обозреватель          29134              4              opimenova      +   Автор студенческих работ +   преподаватель информатики +   Бизнес - консультант          21099              5              irinasm      +   визажист +   стилист          17336              Все эксперты                        Новые статьи по теме Дом    Еда    Напитки    Дом    Домашнее хозяйство    Животные    Недвижимость          Популярные статьи        как сделать малосольные огурцы        как варить компот из яблок в 2018 году        Как варить компот из яблок        как сделать вино в домашних условиях в 2018 году        Как сделать вино в домашних условиях        Почему мутнеют консервированные огурцы        Как сушить абрикосы        Почему мутнеют консервированные огурцы        Как избавиться от блох в квартире народными средствами        Как сделать домашнее вино из сливы        как сделать домашнее вино из сливы        Как приготовить подливу с мукой        как приготовить сырники из творога        Как вырастить персик из косточки        Как запечь говядину в духовке        Как варить компот из вишни        Как запечь картошку в духовке в 2018 году        Как готовить джем из черной смородины        как приготовить филе индейки        Как кормить шотландского вислоухого котенка                    Как выбрать лучший магазин для покупки мебели в интернете    Покупать в интернете даже такие товары , как мебель , матрасы и кровати , можно выгодно , безопасно и удобно . Главное условие – сотрудничество с хорошим во всех отношениях онлайн магазином .      Мебель и декор          Выбор редактора          Матрас : как выбрать подходящий ? Критерии выбора идеального матраса    Хотите полноценно отдыхать во время сна ? Это просто – подберите матрас под себя . Мы расскажем , на что важно обратить внимание при выборе .       Мебель и декор                О селёдке : российская история , голландский посол , новейшие блюда    К XIX веку сельдь стала важной составляющей рациона жителей царской России . во времена Николая I , кстати , в порту Петербурга можно было выбрать в многочисленных бочках с сельдью товар подходящей цены / качества .      продукты питания                Когда сажать чеснок в 2018 году по лунному календарю    Когда наступает осень , то кажется , что дела на огороде пора заканчивать , однако , чтобы получить следующей весной урожай , начинаются посадки под зиму . одной из культур , которую следует посадить осенью , является чеснок .      Сад и огород                как приготовить ашуре    Ашуре относится к турецкой кухне . это блюдо готовят на праздник , который носит то же название . Как правило , для приготовления ашуре турецкой хозяйке необходимо около двадцати пяти компонентов .       Кулинарные рецепты                Сколько времени запекать свеклу в фольге в духовке    Если свеклу грамотно приготовить , то овощ останется вкусным и полезным . Например , при запекании корнеплода в фольге сохраняются его вкусовые качества практически в первозданном виде , да и количество витаминов в нем не особо снижается . Поэтому запекание ...      Другое                Как приготовить осенний пирог с грушами без глютена , без казеина , без яиц и без сахара .     испечь сладкий пирог , не используя при этом такие привычные компоненты , как пшеничная мука , сахар , яйца и молочные продукты кажется чем - то неправдоподобным . Для людей , которые придерживаются определенных правил в питании , ограничивающих в рационе как раз названные ...      Кулинарные рецепты            Новые статьи по теме Техника    Авто    Hi - Tech    Компьютеры    Интернет          Популярные статьи        как сделать скриншот на ноутбуке        Как определить местонахождение человека по номеру телефона        как узнать по сотовому , где находится человек        Как связаться с оператором Билайн        Как отключить платные услуги Мегафон        Как узнать номер оператора МТС        Как связаться с оператором мегафон        Как узнать владельца по номеру сотового телефона бесплатно        как узнать подключенные услуги билайн        как закачать музыку на iPhone с компьютера        Как отключить интернет на МТС        Как сфотографировать камерой ноутбука        Как снять деньги с кошелька « Киви »        Как пробить человека по номеру сотового телефона        как включить веб - камеру на ноутбуке        Как вернуть телефон Samsung в заводские настройки        Как очистить историю в яндексе        Как узнать подключенные услуги мегафона        Как скачать Instagram для компьютера в 2018 году        Как восстановить удаленные смс из телефона                    Для чего нужно облако тегов    Теги или метки - ключевые слова , отражающие основную тематику статьи или сообщения , размещенных в интернете . Почему они возникли и нужно ли их использовать ?      блоггинг                как регулировать зазоры клапанов на двигателях автомобилей     Регулировать зазоры клапанов следует для увеличения срока эксплуатации двигателя . Можно этого не делать только на автомобилях с гидрокомпенсаторами . они в режиме реального времени отслеживают необходимые параметры и проводят регулировку .      Ремонт и сервис                Разбираем интернет - сленг : кто такой нуб    Нуб - неопытный пользователь , новичок . Этим словом впервые начали называть людей , недавно освоивших интернет , продвинутые любители игр во всемирной сети .       Компьютерные игры                Установка датчика давления в шинах : инструкция и рекомендации    Установка датчика датчика давления в шинах можно сделать самостоятельно . сначала необходимо определиться с видом . самые дорогие и точные позволяют получить точную информацию , на них минимально влияют внешние воздействия .      Управление автомобилем                Клапанная крышка : течь и ее устранение    Для защиты ГРМ от грязи , посторонних предметов и воды на клапан автомобильного мотора устанавливается специальная крышка . Она служит предохранителем от воздействия внешних факторов и защищает движок изнутри от потери масла . крепится деталь к блоку цилиндров ...      Ремонт и сервис                заблуждения , связанные с техникой и автомобилями , в частности    Спенеь сжатия , износ сцепления , эффективность тормозных механизмов      Ремонт и сервис                Что такое мощность двигателя : « тракторные » и « скаковые » лошадиные силы    Для бывалого автомобилиста характеристика мощность двигателя выглядит желанно , но подозрительно , или как минимум неинформативно . как тут что - то не подозревать , если циферки на сопоставимых автомобилях одинаковые , а ездят они совершенно по - разному . в чем причины , давайте разбираться .      Другое            Новые статьи по теме Человек    Культура и общество    Психология    Семья и отношения    Дети    Работа и карьера          Популярные статьи        Как посмотреть , кто тебя ищет в « Жди меня »        Как заставить мужчину думать только о тебе        Как написать заявление на один день за свой счет        Как считать девять дней со дня смерти        Как позвонить из Украины в Россию        Как проследить по номеру посылки        Как сделать , чтобы приснилось то , что ты хочешь        Как доставить удовольствие девушке        Как понять , кто будет : мальчик или девочка        Как узнать , есть ли запрет на выезд за границу        Как располагать звезды на погонах        Как найти поликлинику по месту жительства        Как отследить посылку "" почта россии ""        Как определить , что парень возбужден        как узнать по руке , сколько будет детей        Как проследить заказное письмо        как крепить звезды на погон        как определить пол ребенка по датам рождения родителей        Как назвать девочку , родившуюся в августе        Как написать заявление об увольнении без отработки                    Как стать успешным с помощью дисциплины    Как так получается , что двое одинаковых людей получают от жизни совершенно разные награды . один становится успешным и живет на широкую ногу , а другой – еле сводит концы с концами , не живет , а существует . Великие люди , ...      Работа над собой                Русский писатель Федор Абрамов : биография , творчество и книги      Русский писатель Федор Абрамов , выходец из крестьянской семьи , свою жизнь и творчество посвятил описанию жизни российского села , и делал это с большой любовью      Литература                 Ольга Александровна Будина : биография , карьера и личная жизнь    Ольга Будина - актриса , телеведущая , исполнительница песен . она пишет книги , занимается благотворительностью . На светских раутах Будина появляется редко , на темы о личной жизни разговаривать не любит .      Кино                Савельева Ирина Максимовна : биография , карьера , личная жизнь    Советский и российский историк , специалист по теории , истории и методологии исторической науки и социологии знания , автор 12 монографий , большинство из которых написано в соавторстве с мужем А. В. Полетаевым . Совместно с последним работала в области ...      Другое                 Кира Сергеевна Пластинина : биография , карьера и личная жизнь    Кира Пластинина – успешный модельер - дизайнер , она добилась успеха благодаря таланту и трудолюбию . Немаловажной стала и финансовая поддержка отца , который решил поддержать увлечение дочери .       Другое                Гуцериев Михаил : биография , поэзия и семья     Михаил Гуцериев известен как российский предприниматель . он является одним из главных акционеров Промышленно - финансовой группы « Сафмар » . Кроме того , входит в Союз писателей России и имеет статус доктора экономических наук . к своему успеху мужчина шел долгие годы , ...      Литература                Елена Бондарчук : биография , фильмография и личная жизнь     Известно выражение , что на детях гениев природа отдыхает , однако это не относится к Елене Бондарчук , дочери знаменитого режиссера Сергея Бондарчука .      Кино            Новые статьи по теме Отдых    Путешествия    Хобби    Отдых и праздники          Популярные статьи        как научиться играть на гитаре дома        как сделать временную татуировку в домашних условиях        Как оформить плакат на день рождения        Как привязать к леске поводок        Как благословлять дочь на свадьбе        Как написать красивые буквы        как сделать подарок своими руками маме на день рождения в 2018 году        Как открыть чемодан с кодом        Как установить код на чемодане        Как делать супер - удары в Мортал Комбате        Как привязывать поводки к основной леске        Как узнать судьбу по дате рождения        Как определить , кто ты по гороскопу        как сделать подарки на день рожденья своими руками        Как сшить платье без выкройки        Как избавиться от запаха изо рта при домашних условиях        Как расшифровать натальную карту        как сделать подарок папе своими руками        как сделать подарок папе своими руками        как сделать лазер в домашних условиях                    Лайза Минелли : биография , карьера , личная жизнь    Лайзе Минелли суждено было стать знаменитостью . так считали ее известные родители , но при этом не очень - то поддерживали талантливую дочь . И Лайза оправдала все ожидания , став звездой американского мюзикла .      Кино                Майер Амшель Ротшильд : биография , творчество , карьера , личная жизнь    Майер Амшель Ротшильд   — немецкий еврейский банкир , основавший знаменитую банковскую династию Ротшильдов . обычно именуемый « отцом- основателем международных финансов » , он   основал обширный бизнес , который охватывал не   только банковское дело и   финансы , но   и   другие области , такие ...      Фан - клуб                Скарлетт Йоханссон : биография , карьера , личная жизнь    Американская киноактриса , певица , одна из   самых сексуальных женщина мира , модель . Скарлетт Йоханссон начала сниматься с   8 лет и   уже добилась немалых высот в   своей карьере . популярность девушке принесли такие кинокартины , как « Трудности перевода » и   « Сенсация » ....      Кино                Жерар Депардье : биография , карьера , личная жизнь    Жерар Депардье – на сегодняшний день , является самым популярным в мире французским актером . ему одинаково блестяще удаются разнообразные образы : от острогротесковых до возвышенно романтических .      Кино                Одри Хепберн : биография , карьера , личная жизнь    Одри Хепберн – одна из самых красивых , элегантных и стильных актрис мирового кино . Звезда Голливуда 1950 - 60 - х годов , она до сих пор считается эталоном женственности .      Кино                Курт Расселл : биография , карьера , личная жизнь    Курт Рассел - человек , который прошёл огромный путь к актёрской карьере . сквозь жизненных препятствий , с помощью твёрдости характера , он смог добиться ошеломляющего успеха . этого актёра знает каждый по его популярным фильмам . История его жизни очень ...      Кино                Как правильно снимать fashion фотографию .    Несмотря на то , что у каждого модного фотографа есть свой собственный стиль съемки , есть несколько ключевых советов , которые каждый фотограф должен помнить , работая в сфере моды .      Фотография            Новые статьи по теме Дело    Финансы    Бизнес    Наука    Юриспруденция    Образование          Популярные статьи        Как заполнить форму Р14001 о смене директора        Как положить деньги на карточку через банкомат "" Сбербанка ""        Как стать автором КакПросто и зарабатывать на своем опыте        Как узнать номер и серию паспорта        Как узнать код подразделения , выдавшего паспорт        Как перевести литр в тонну        Как перевести деньги с одной карты на счет другой        Как узнать номер счета карты сбербанка        Как перевести килограммы в литры        Как оформить читательский дневник        как высчитывать проценты от числа        Как посмотреть на Землю со спутника в реальном времени        Какие экзамены нужно сдавать при поступлении в медицинское училище        Как получить медицинский полис в Москве        Как перевести деньги через банкомат Сбербанка        Как перевести из кубических метров в тонны        Как посчитать проценты на калькуляторе        Как посчитать кубические метры        как заполнять журнал учёта огнетушителей        как узнать лицевой счет карты Сбербанка                    Типовой договор займа денег под залог автомобиля в автоломбарде    Как и любая другая финансовая организация , автоломбард работает для того , чтобы получать прибыль . Поэтому займы здесь выдаются под проценты , которые должен погашать заемщик . отличительной особенностью автоломбарда является то , что обязательно должен использоваться залог , а именно ...      Кредитные продукты                Автоломбард – начало вашего бизнеса    Любой начинающий бизнесмен стоит перед таким непростым вопросом как поиск денег . Без них невозможно арендовать помещение , нанять персонал и купить оборудование . Естественно , если имеющихся средств недостаточно для того чтобы открыть фирму или реализовать какой - то проект , ...      Виды деятельности                Гражданский кодекс Российской Федерации ( часть первая )   от 30.11.1994 N 51 - ФЗ    Гражданское законодательство основывается на признании равенства участников регулируемых им отношений , неприкосновенности собственности , свободы договора , недопустимости произвольного вмешательства кого - либо в частные дела , необходимости беспрепятственного осуществления гражданских прав , обеспечения восстановления нарушенных прав , их судебной защиты      Гражданское право                Коды ОКВЭД и налоговые режимы с расшифровкой для ИП и ООО за 2016 - 2018год    Под ОСНО подпадают полностью все ОКВЭД . это основной налоговый режим , совместимый со всеми видами деятельности ИП и ООО .      Виды деятельности                Открываем автомойку самообслуживания    открытие своего бизнеса - автомойки самообслуживания – прибыльное начинание ( рентабельность от 80 до 100 % ) , в отличие от стандартных моечных комплексов , где конкуренция достаточно высокая , автомоек самообслуживания пока не так уж и много . такой формат организации ...      Предпринимательство                Тьютор : кто это , обязанности и задачи тьюторов    Тьюторы были известны еще в 14 веке в Европе . Тогда так называли наставников студентов , которые являлись посредниками между учащимися и педагогами в Кембриджском и Оксфордском университетах . Этот тип помощников был очень важен , так как свобода ...      Другое                Понятие и признаки разговорной речи    Основная функция разговорной речи - общение людей в повседневных ситуациях . С ее помощью обмениваются информацией , выражают личные эмоции . У разговорной речи есть ряд особенностей , которые отличают ее от прочих языковых стилей . это своеобразные слова , построение ...      Лингвистика            Новые статьи по теме Красота    Здоровье    Мода и стиль    Спорт и фитнес    Красота          Популярные статьи        как растянуть обувь в домашних условиях        Как научиться садиться на шпагат в домашних условиях        Как удалить в домашних условиях серные пробки из ушей        Как лечить ухо борной кислотой        Как понизить мочевую кислоту в крови        как пить валерьянку        Как записаться на прием к врачу в Уфе        Как ускорить наступление месячных        Как лечить лимфоузлы под мышками        Как сесть на шпагат за одну неделю        Как подобрать цвет волос онлайн        Как лечить повышенный билирубин        Как лечить потницу у взрослых        как убрать жир с внутренней части бедра        Как вылечить цветной лишай        Как отрастить щетину        Как развести фурацилин для полоскания        Как лечить язвочки на языке        Отзывы о Детралекс          Как сесть на шпагат за один день                    Кто такой Влад Лисовец    Кто лучше всех понимает женщину в вопросах моды и красоты ? Конечно же , стилист ! И именно стилист - мужчина . Потому что только мужская критика и похвала принимается женщинами адекватно . Влад Лисовец - стилист , парикмахер , знаток стиля и тот , ...      Другое                Пульмонологические клиники и центры в Москве : список , адреса , отзывы    Диагностике , профилактике и лечению легочных заболеваний в России издавна уделяется большое внимание . Москва является лидером по количеству как научно - исследовательских , так и терапевтических учреждений , работающих в области пульмонологии .       Медицинские учреждения                Как бороться со стрессом : 6 простых шагов    Жизнь человека полна неприятностей и негативных моментов . проблемы на работе , в учебе , в семье , личной жизни – все это может привести к стрессу . Последствия стресса весьма разнообразны - начиная от легкого недомогания и заканчивая серьезными ...      Лечение болезней                Клиники и центры мануальной терапии в Москве : список , адреса , отзывы    Несмотря на   то , что по   классификации ВОЗ мануальная терапия отнесена к   методам народной медицины , в   настоящее время в   этой сфере могут работать только специалисты с   медицинским образованием , получившие дополнительную квалификацию . Комплексы методик лечения с   помощью ...      Медицинские учреждения                Отолариногологические ( лор ) клиники и центры в Москве : список , адреса , отзывы    обычно специалист - отоларинголог принимает в каждой районной поликлинике . Прием может осуществляться как в рамках ОМС и ДМС , так и на коммерческой основе . однако в Москве работают и узкопрофильные ЛОР - клиники , персонал которых специализируется на решении различных проблем ...      Медицинские учреждения                Андрологические клиники и центры в Москве : список , адреса , отзывы    В   стремительный , компьютеризированный век люди всё чаще отдают предпочтение медицинским и   диагностическим центрам . Там можно пройти комплексное обследование организма и   вовремя остановить болезнь . так , многие мужчины обращаются за   помощью в   андрологические центры или комплексные клиники , ...      Медицинские учреждения                Галотерапия : что это такое , описание процедуры , показания и противопоказания    Соляные пещеры люди научились использовать в лечебных целях очень давно . в средневековые времена монахи посещали их для избавления от заболеваний дыхательных путей . Галотерапия позволяет получить точно такой же эффект , как после посещения соляной пещеры .       Нетрадиционная медицина            Новые статьи по теме Популярное    Как не просто !    Новый год    Олимпийские игры    Разное    А знаете ли вы , что          Популярные статьи        Как найти код ОКПО        Как развести серебрянку        Как проверить баллы на карте Связного        Как определить стороны света в квартире без компаса        Как удалить запах алкоголя        Как проверить "" Суперлото "" в 2017 году        как заклеить лодку из ПВХ        как сделать венок на голову        Как запарить горох        Как написать Андрею Малахову        как написать доверенность для получения посылки        как пришить звезды на погоны        Как написать слово английскими буквами        как прокачать велосипед        Как вывести пасту от шариковой ручки        Как собирать иван - чай        Как узнать год выпуска машинки "" Зингер ""        как написать фамилию латинскими буквами        Как отследить посылку из Китая        Как отследить посылку из Китая                    Что такое дебаркадер    Дебаркадер – это специальное строение для загрузки или выгрузки товаров , а также для высадки или посадки людей . У слова « дебаркадер » французские корни , оно имеет значение « тот , кто выгружает » . подобные сооружения зачастую используются как для водного ...      Разное                Фольклорный персонаж Василий Пупкин : происхождение , история    « я - фольклорный элемент , у меня есть документ ! » , - такой слоган , наверное , мог бы произнести Василий Пупкин , если бы он не был экземплификантом . но неизвестная личность потому и не известна , что нет у неё ...      Разное                как встречать Новый 2019 год Желтой Земляной Свиньи    Новый год 2019 вступит в свои законные права с 5 февраля под незримым покровительством Желтой Земляной Свиньи . Этому упитанному и доброжелательно настроенному домашнему животному можно доверять в ожидании благополучия и спокойствия , ведь оно отвечает за ...      как встречать                Как полюбить Новый год    Новый год любят многие . Однако некоторых людей искренне удивляет , как может вдохновлять постоянная суета , бесконечные корпоративы и магазинные очереди . Такие люди испытывают стресс в предновогодний период . особенно страдают те , кто по своей натуре подвержен депрессиям ....      Традиции и обычаи                Какие виды спорта входят в летние Олимпийские игры    Олимпийские игры до сих пор считаются самыми важными соревнованиями в жизни спортсмена . Но не все виды спорта могут похвастаться наличием в официальной Олимпийской программе .      Все Олимпиады                Какие виды спорта входят в зимние Олимпийские игры    В преддверии главной Олимпиады мира многие задаются вопросом , какие виды спорта входят в зимние Олимпийские игры .      Олимпийские игры                Как продлить жизнь новогодней елки в домашних условиях    Отгремели новогодние праздники , пришла пора расставаться с их главным символом – елкой . Однако существует несколько способов продлить ее пребывание в доме или квартире на более длительный срок .      стол , елка , атрибуты                Последние отзывы                        Сироп "" Нурофен "" для детей с 3 - х месяцев    Почти с самого рождения ребенка у нас дома есть сироп Нурофен .   Сначала его рекомендовали иметь дома и давать сыну после первых серьезных прививок типа АКДС ....    Читать полностью            Бальзам для губ Oriflame "" Гранат и ягода асаи ""        Подгузники Pampers sleep&play        Кокер - спаниель английский        Магазин H&M                          Сериал "" как избежать наказание за убийство ""    Надоели типичные сериалы про полицию и юристов ? Хочется действительно захватывающих сериалов , сюжет которых вас будет держать в напряжении все сезоны ? Эти вопросы я задавала неоднократно ...    Читать полностью            Концентрированный крем для рук Oriflame Hand Protection Concentrate        Молочный шоколад "" Белочка "" с цельным лесным орехом        Средство для лечения насморка "" Аквалор форте ""        Тени для век Party Queen                Все отзывы                  Все рубрики        Еда      Кулинарные рецепты    продукты питания    Рестораны    Здоровое питание    Посуда и аксессуары    Сервировка    Употребление и сочетание    Популярное    Другое          Авто      Автокредитование    Автострахование    Запчасти и аксессуары    марки автомобилей    Мотоциклы и скутеры    Общение с ГАИ    Покупка и продажа    Ремонт и сервис    Управление автомобилем    Популярное    Другое          Hi - Tech      Мобильные телефоны    Фото и видеотехника    Электроника    Ремонт и сервис    Комплектующие и аксессуары    Офисная техника    Популярное    Другое          Животные      Породы кошек    Породы собак    Попугаи и канарейки    Аквариумные рыбки    Другие домашние питомцы    Корма    Лечение    Оборудование и аксессуары    Разведение    Уход и воспитание    Популярное    Другое          Квартира и дача      Дизайн дачи    Дизайн квартиры    Ковры , шторы , ткани    Коммунальные услуги    Кухня    Ландшафтный дизайн    Мебель и декор    Посуда    Ремонт дачи    Ремонт квартиры    Сад и огород    Сантехника    Системы безопасности    Строительные материалы    Популярное    Другое          Культура и общество      Безопасность    Благотворительность    Военная служба    Искусство    Кино    Литература    Общественные движения    Политика    Религия    Театр    Тюрьмы и исправительные учреждения    Этика    Популярное    Другое          Недвижимость      Аренда    Земельные участки    Инвестирование    Ипотека    Коммерческая недвижимость    Покупка и продажа    Популярное    Другое          Психология      Депрессия и стресс    Зависимости    Общение    Психические заболевания    Психоанализ    Работа над собой    Эмоции    Популярное    Другое          Семья и отношения      Дружба    Отношения с детьми    Отношения с родителями    Проблемы в браке    Расставания и разводы    Свидания    Секс    Семейная жизнь    Флирт    Чувства    Популярное    Другое          Финансы      Банки    Ипотека    Кредитные продукты    Личные финансы    Налоги    Пластиковые карты    Семейный бюджет    Страхование    Популярное    Другое          Дети      Безопасность ребенка    Беременность и роды    Воспитание и обучение ребенка    Здоровье ребенка    Игры и развлечения    Развитие ребенка    Усыновление    Уход за младенцами    Популярное    Другое          Как не просто !      как не просто !          Домашнее хозяйство      Бытовая техника    Мелкий ремонт    Полезные советы    Продукты бытовой химии    Уборка ванной комнаты    Уборка комнат    Уборка кухни    Чистка ковров и тканей    Чистка кожи и меха    Чистка мебели    Чистка одежды и обуви    Популярное    Другое          Здоровье и медицина      Виды медицины    Диеты    Заболевания    Лекарственные препараты    Медицинские учреждения    Медицинское оборудование    Нетрадиционная медицина    Лечение болезней    Работа с людьми с ограниченными возможностями    Популярное    Другое          Компьютеры и ПО      Бренды и модели    Выбор и покупка    Комплектующие и аксессуары    Ноутбуки    Операционные системы    Программное обеспечение    Ремонт и сервис    Сервера    Популярное    Другое          Мода и стиль      Аксессуары и бижутерия    Бренды    Модные тенденции    Обувь    одежда    Уход за одеждой и обувью    Ювелирные украшения    Популярное    Другое          Образование      Бизнес - образование    Высшее образование    Дистанционное образование    Дошкольное образование    Иностранные языки    Повышение квалификации    Специальное образование ( техникумы и ПТУ )    Школы    Популярное    Другое          Путешествия и туризм      Авиаперелеты    Аренда автомобилей    Документы и визы    Заказ билетов    Места отдыха    Отели    Планирование и организация    Пляжный отдых    Полезные советы    Турагентства    Экстремальный отдых    Популярное    Другое          Хобби и развлечения      hand - make    Дизайн    Фотография    Цветоводство    Рукоделие    Кино    Музыка    Литература    Астрология и эзотерика    Настольные игры    Рисование    Танцы    Телевидение    Фан - клуб    Популярное    Другое          Спорт и фитнес      Баскетбол    Болельщики    Водные виды спорта    Волейбол    Детский спорт    Йога и пилатес    Легкая атлетика и гимнастика    Лыжные виды спорта    Спортивные тренажеры    Спортивный инвентарь    Теннис    фитнес - клубы    Футбол    Хоккей    Другие виды спорта    Популярное    Другое          Бизнес      Бюджетирование    Виды деятельности    Деловое общение и этика    Менеджмент    Предпринимательство    Управление бизнесом    Популярное    Другое          Новый год      как встречать    Новый год с детьми    Подарки    стол , елка , атрибуты    Традиции и обычаи    Популярное          Напитки      Безалкогольные напитки    Вина    Коктейли    Крепкие напитки    Ликеры и вермуты    Пиво    Сервировка    Употребление и сочетание    Чай и кофе    Популярное    Другое          Интернет      Безопасность    Блоггинг    Веб - дизайн    Веб - программирование    Домены , url’ы и IP    Интернет - софт    Компьютерные игры    онлайн - шопинг    Подключение    Поисковая оптимизация    Социальные сети    Управление сайтами    Хостинг    Электронная почта    Популярное    Другое          Красота      Косметические продукты    Макияж    Массажи и СПА    Парфюмерия    Прически    Салоны красоты    Уход за волосами    Уход за кожей    Уход за лицом    Уход за ногтями    Уход за телом    Эстетическая хирургия    Популярное    Другое          Наука      Авиация и космос    Биотехнологии    Гуманитарные науки    Естественные науки    Лингвистика    Математика    Популярное    Другое          Отдых и праздники      8 марта и 23 февраля    активный отдых    Вечеринки    День   Св . Валентина    Детские праздники    Дни рождения и юбилеи    Культурные традиции    Новый год    Отдых на природе    Подарки    Религиозные праздники    Рождество    Свадьбы    Популярное    Другое          Работа и карьера      Деловая этика    Отношения в коллективе    Отношения с работодателем    Офисная жизнь    Поиск работы    Работа на дому    Советы по карьере    Увольнение    Популярное    Другое          Юриспруденция      Авторское право    Адвокаты и нотариусы    Гражданское право    Законодательство    Оформление документов    Семейное право    Трудовое право    Уголовное право    Другие виды права    Популярное    Другое          Олимпийские игры      Рио - де - Жанейро 2016    Сочи 2014    Лондон 2012    Олимпийские игры    Виды спорта    Все Олимпиады          Разное      Разное          А знаете ли вы , что      Деловые          Картинки                 О нас          Все рубрики          Все эксперты          все статьи          Реклама          Соглашение           Приложения :        Android          ios          Группы в соцсетях :                                 power by             Размещенные на сайте материалы , включая статьи , могут содержать информацию , предназначенную для пользователей старше 18 лет , согласно Федерального закона № 436 - ФЗ от 29.12.2010 года "" О защите детей от информации , причиняющей вред их здоровью и развитию "" . 18 + .                         
          Войти на сайт                или                            Забыли пароль ?    Еще не зарегистрированы ?            "
000e6361-d1ea-11e8-9ddd-b01041fd2fc1.htm,"
 
 
 
 
 
 
 
 
 
 
 
 
 
 
 
 
 
 
  Ummy Video Downloader 
 
 
  English 
 
  Русский 
  Türkçe 
  Еspañol 
  Bahasa Indonesia 
  Українська 
  العربية 
 
 
 
 
 
 
 
 
 
 
 
 
  help 
  Blog 
  Become well 
 
 
 
 
 
 
 
 
 
 
  ummysoft@gmail.com 
 
 
 
 
 
 
  go t   the main page 
  or you can download Ummy Video Downloader straight here : 
 
  download 
                      free trial 
 
  Download 
                      trial version 
 
  Safety be confirm 
    Norton ™ Safe web 
 
 
  go to the main page 
 
 
 
 
  Download ! free trial 
  Download 
 
 
 
 
 
"
000a2f859aaf0168e0a2b82d2c6c8764e38d2cde322c046e3ddd5d78dbf9a0c4.htm,"
 
 
 
   
 
 
 
 
 
 
 
 
  First Alert  
 
 
 
 
 
 
 
 
 
 
 
 
 
 
 
 
 
 
 
 
 
 
 
   remember I ? 
  Forgot Password ? 
 
 
 
 
 
   
 
 
 
 
 
 
 
 
 
 
 
"
000cf35ad6990f94ab43c4777c777eb55b9fd8c997af047aed46c2aefafc408e.htm,"
 
 
 
   
 
 
 
 
 
 
 
 
  First Alert  
 
 
 
 
 
 
 
 
 
 
 
 
 
 
 
 
 
 
 
 
 
 
 
   remember I ? 
  Forgot Password ? 
 
 
 
 
 
   
 
 
 
 
 
 
 
 
 
 
 
"
0000fe55a7f8f62521c52eb4e93fa686b02f701480e80853ea6c2e10e1e1480c.htm,"Subscribe to read | Financial Times Accessibility help skip to navigation Skip to content Skip to footer Sign in Subscribe Open drawer menu open search bar Financial Times myFT Search the   FT Search close search bar Home World Sections World Home Global Economy UK US China Africa Asia Pacific Emerging Markets Europe Americas Middle East and North Africa most Read UK suffer second - high death rate from coronavirus | free to read US say Hong Kong be no long autonomous from China China approve plan to impose national security law on Hong Kong   Trump be court a landslide defeat Boris Johnson rule out official Cummings inquiry US Sections US Home US Economy US Companies US Politics & Policy US Presidential Election most Read UK suffer second - high death rate from coronavirus | free to read US say Hong Kong be no long autonomous from China Ackman dump stake in Buffettâs Berkshire Hathaway China approve plan to impose national security law on Hong Kong   Trump be court a landslide defeat Companies Sections Companies Home Energy Financials Health Industrials Media Professional Services Retail & Consumer Tech Sector Telecoms Transport Most Read will londonâs new skyscraper become a monument to the market peak ? Rolls - Royce downgrade to junk by S&P UK tax authority accuse General Electric of fraud in $ 1bn dispute business swallow âbitt medicineâ of Hong Kong security law Renault to slash about 15,000 job in â¬2bn cost - cut plan Tech Markets Sections Markets Home Alphaville Markets Data Capital Markets Commodities Currencies Equities Fund Management trading Moral money most Read US money market fund waive fee to stave off negative return Fraction of Fed lending facility have be tap so far global stock weaken with Trump expect to hit back at China Federal Reserve add just $ 1bn of new corporate debt to balance sheet   fund manager be long tech and growth ... again Graphics Opinion Sections Opinion Home Columnists the FT view the Big Read Instant Insight Lex Alphaville Obituaries letter most Read Trump be court a landslide defeat Tweeter - in - chief trump hand Facebook and Twitter a gift britainâs brexiter still do not understand Europe the case for libertarian lockdown â âdonât be a dickheadâ fact - check Donald Trumpâs Twitter feed Work & Careers Sections Work & Careers Home Business School Rankings Business Education Entrepreneurship Recruitment Business Books Business Travel most Read will ageism get bad in the post - pandemic workplace ? Coronavirus diary : a farmer and a fruit - picker face the futureâ   with hope â and trepidationÂ    we need casual talk at work to help our idea flow a lot of we be lose it in lockdown â but really shouldnât what be the future for university ? FT reader respond Life & Arts Sections Life & Arts Home Arts Books Food & Drink FT Magazine House & Home Style Travel FT Globetrotter most Read Influencers lose their gloss three game - change idea for our post - pandemic world Jared Diamond : lesson from a pandemic what be the future of restaurant ? welcome to the age of insult , youâ   snowflake how to spend it Sign in Subscribe Menu Search Home World US Companies Tech Markets Graphics Opinion Work & Careers Life & Arts how to spend it Financial Times Sign in Subscribe Search the   FT Search close search bar 
 
 
 
 
										 Subscribe to the FT to read : 
							  Financial Times 
  Brussels look to new taxis to pay off pandemic recovery debt 
 
 
 
 
 
 
 
 
 
								 be a global citizen . 
							 
 
									 become an FT Subscriber . 
								 
 
 
 
 
 
						 Gain a global perspective on the US and go beyond with curate news and analysis from 600 
						 journalist in 50 + country cover politic , business , innovation , trend and more . 
					 
 
 
 
 
 
 
 
				 choose your subscription 
			 
 
 
 
 
 
 
 
								 Trial 
							 
 
  not sure which package to choose ? try full access for 4 week 
 
 
									 $ 1.00 for 4 week 
								 
 
 
										 then $ 67.00 per month . new customer only cancel anytime during your trial 
									 
 
 
  Select 
  Purchase a Trial subscription for $ 1.00 for 4 week  
  you will be bill $ 67.00 per month after the trial end 
 
 
 
 
 
 
  for 4 week receive unlimited premium digital access to the FT 's trust , award - win business news 
 
 
  Read more 
 
 
 
 
 
 
								 Digital 
							 
 
  be inform with the essential news and opinion 
 
 
									 $ 39.50 per month 
								 
 
 
 
  Select 
  Purchase a Digital subscription for $ 4.75 per week  
  you will be bill $ 39.50 per month after the trial end 
 
 
  Save 33 % - pay annually 
 
 
 
 
  MyFT â track the topic most important to you 
  FT Weekend â full access to the weekend content 
  Mobile & Tablet Apps â download to read on the go 
  Gift article â share up to 10 article a month with family , friend and colleague 
 
 
  Read more 
 
 
 
 
 
 
								 Print 
							 
 
  FT print edition deliver Monday - Saturday along with ePaper access 
 
 
									 $ 199.00 for 1 year 
								 
 
 
 
  Select 
  Purchase a Print subscription for $ 3.83 per week  
  you will be bill $ 16.59 per month after the trial end 
 
 
 
 
 
 
 
 
  Read more 
 
 
 
 
 
 
								 Team or Enterprise 
							 
 
  Premium FT.com access for multiple user , with integration & admin tool 
 
 
									 Pay base on use 
								 
 
 
 
  get start 
  Purchase a Team or Enterprise subscription for   per week  
  you will be bill   per month after the trial end 
 
 
  Group Subscription 
 
 
 
  all the benefit of Premium Digital plus :  
 
  convenient access for group of user 
  Integration with third party platform and CRM system 
  Usage base pricing and volume discount for multiple user 
  Subscription management tool and usage reporting 
  SAML - base single sign on ( SSO ) 
  dedicated account and customer success team 
 
 
  Read more 
 
 
 
 
 
 
				 full   term and Conditions   apply to all subscription . 
			 
 
 
 
					 learn more and compare subscription 
 
 
 
  or , if you be already a subscriber 
 
 
					 Sign in 
				 
 
 
 
 
 
 
 
 
							 other option 
						 
 
 
 
 
										 Premium Digital 
									 
 
										 Premium Digital + Print 
									 
 
										 Premium Digital + Weekend Print 
									 
 
										 Weekend Print 
									 
 
 
 
 
 
 
  useful link support View Site Tips Help Centre about Us Accessibility myFT Tour Careers Legal & Privacy Terms & Conditions Privacy Cookies Copyright Slavery Statement & Policies Services FT Live Share News Tips Securely Individual Subscriptions Group Subscriptions republish Contracts & Tenders Executive Job Search Advertise with the FT Follow the FT on Twitter FT Transact Secondary Schools Tools Portfolio Today 's Newspaper ( ePaper ) Alerts Hub MBA Rankings Enterprise Tools News feed Newsletters Currency Converter more from the FT Group Markets datum delay by at least 15 minute . â © the FINANCIAL TIMES LTD 2020 .   FT   and âfinancial timesâ be trademark of the Financial Times Ltd. the Financial Times and its journalism be subject to a self - regulation regime under the   FT Editorial Code of Practice . close drawer menu Financial Times International Edition Search the   FT Search Switch to UK Edition top section Home World Show more World Global Economy UK US China Africa Asia Pacific Emerging Markets Europe Americas Middle East and North Africa US Show more US US Economy US Companies US Politics & Policy US Presidential Election Companies show more company Energy Financials Health Industrials Media Professional Services Retail & Consumer Tech Sector Telecoms Transport Tech Markets Show more Markets Alphaville Markets Data Capital Markets Commodities Currencies Equities Fund Management Trading Moral Money Graphics Opinion Show more opinion Columnists the FT view the Big Read Instant Insight Lex Alphaville Obituaries Letters Work & Careers Show more Work & Careers Business School Rankings Business Education Entrepreneurship Recruitment Business Books Business Travel Life & Arts Show more Life & Arts Arts Books Food & Drink FT Magazine House & Home Style Travel FT Globetrotter Personal Finance Show more Personal Finance Property & Mortgages Investments Pensions Tax Banking & Savings Advice & Comment Next Act how to spend it Special Reports FT recommend Lex Alphaville Lunch with the FT FT Globetrotter Tech Scroll Asia Moral Money FTfm Newsletters Video Podcasts News feed myFT Portfolio Today 's Newspaper ( ePaper ) Crossword our Apps help Centre Subscribe Sign in"
